<?xml version="1.0" encoding="UTF-8"?>
<metadata xml:lang="en"><Esri><CreaDate>20181015</CreaDate><CreaTime>14003700</CreaTime><ArcGISFormat>1.0</ArcGISFormat><SyncOnce>TRUE</SyncOnce><DataProperties><lineage><Process ToolSource="C:\Program Files\ArcGIS\Desktop10.0\ArcToolbox\Toolboxes\Data Management Tools.tbx\CreateFeatureclass" Date="20120411" Time="100752">CreateFeatureclass M:\Africa\Plots TrackLine.shp POLYLINE # DISABLED DISABLED "PROJCS['Adindan_UTM_zone_37N',GEOGCS['GCS_Adindan',DATUM['D_Adindan',SPHEROID['Clarke_1880_RGS',6378249.145,293.465]],PRIMEM['Greenwich',0.0],UNIT['Degree',0.0174532925199433]],PROJECTION['Transverse_Mercator'],PARAMETER['false_easting',500000.0],PARAMETER['false_northing',0.0],PARAMETER['central_meridian',39.0],PARAMETER['scale_factor',0.9996],PARAMETER['latitude_of_origin',0.0],UNIT['Meter',1.0]];-5121100 -9998000 450450052.747599;-100000 10000;-100000 10000;0.001;0.001;0.001;IsHighPrecision" # 0 0 0</Process><Process ToolSource="C:\Program Files\ArcGIS\Desktop10.0\ArcToolbox\Toolboxes\Data Management Tools.tbx\PointsToLine" Date="20120411" Time="100753">PointsToLine Track M:\Africa\Plots\TrackLine.shp # TrackPt NO_CLOSE</Process></lineage></DataProperties></Esri></metadata>
